{
  "shape": [
    384,
    384,
    192
  ],
  "data_type": "uint8",
  "chunk_grid": {
    "name": "regular",
    "configuration": {
      "chunk_shape": [
        32,
        32,
        32
      ]
    }
  },
  "chunk_key_encoding": {
    "name": "default",
    "configuration": {
      "separator": "/"
    }
  },
  "fill_value": 0,
  "codecs": [
    {
      "name": "bytes"
    },
    {
      "name": "zstd",
      "configuration": {
        "level": 0,
        "checksum": false
      }
    }
  ],
  "attributes": {},
  "zarr_format": 3,
  "node_type": "array",
  "storage_transformers": []
}